Name,Age,Marks,Department,Depatment_Label,CSE,ECE,IT,Age_scaled,Marks_scaled
Rahul,20.0,88.0,CSE,0,True,False,False,-0.3535533905932725,0.013001083423618637
Yasha,21.0,95.0,CSE,0,True,False,False,0.7071067811865488,0.020585048754062835
Rahul,20.0,88.0,CSE,0,True,False,False,-0.3535533905932725,0.013001083423618637
Aman,,76.0,IT,2,False,False,True,,0.0
Riya,22.0,999.0,ECE,1,False,True,False,1.76776695296637,0.9999999999999999
Priya,19.0,82.0,CSE,0,True,False,False,-1.4142135623730938,0.006500541711809318
Karan,20.0,,IT,2,False,False,True,-0.3535533905932725,
